Name,Precision,Recall,FScore,FeaturesWithoutRetrieved,InexistentFeaturesRetrieved
ACTIVITYDIAGRAM,0.837037037037037,1.0,0.9112903225806451,SomethingRetrieved
ACTIVITYDIAGRAM_and_LOGGING,1.0,0.25,0.4,SomethingRetrieved
ACTIVITYDIAGRAM_and_STATEDIAGRAM,1.0,1.0,1.0,SomethingRetrieved
COGNITIVE,0.7868421052631579,1.0,0.8807069219440354,SomethingRetrieved
COGNITIVE_and_DEPLOYMENTDIAGRAM,1.0,1.0,1.0,SomethingRetrieved
COGNITIVE_and_LOGGING,1.0,1.0,1.0,SomethingRetrieved
COGNITIVE_and_SEQUENCEDIAGRAM,1.0,1.0,1.0,SomethingRetrieved
COLLABORATIONDIAGRAM,0.5245901639344263,1.0,0.6881720430107526,SomethingRetrieved
COLLABORATIONDIAGRAM_and_LOGGING,1.0,1.0,1.0,SomethingRetrieved
COLLABORATIONDIAGRAM_and_LOGGING_and_SEQUENCEDIAGRAM,1.0,1.0,1.0,SomethingRetrieved
COLLABORATIONDIAGRAM_and_SEQUENCEDIAGRAM,1.0,1.0,1.0,SomethingRetrieved
DEPLOYMENTDIAGRAM,0.34146341463414637,1.0,0.5090909090909091,SomethingRetrieved
DEPLOYMENTDIAGRAM_and_LOGGING,1.0,1.0,1.0,SomethingRetrieved
DEPLOYMENTDIAGRAM_and_USECASEDIAGRAM,1.0,1.0,1.0,SomethingRetrieved
LOGGING,0.8743169398907104,1.0,0.9329446064139941,SomethingRetrieved
LOGGING_and_SEQUENCEDIAGRAM,1.0,1.0,1.0,SomethingRetrieved
LOGGING_and_STATEDIAGRAM,1.0,0.3333333333333333,0.5,SomethingRetrieved
LOGGING_and_USECASEDIAGRAM,1.0,1.0,1.0,SomethingRetrieved
SEQUENCEDIAGRAM,0.6158940397350994,1.0,0.7622950819672132,SomethingRetrieved
SEQUENCEDIAGRAM_and_STATEDIAGRAM,1.0,1.0,1.0,SomethingRetrieved
STATEDIAGRAM,0.8472222222222222,1.0,0.9172932330827067,SomethingRetrieved
USECASEDIAGRAM,0.4520547945205479,1.0,0.6226415094339622,SomethingRetrieved
not_COGNITIVE,1.0,1.0,1.0,SomethingRetrieved
not_LOGGING,1.0,1.0,1.0,SomethingRetrieved
Average,0.8866425298848895,0.9409722222222223,0.8801847761468423,0.0,0,